rank,Name,Members (unit: millions) ,About Community,Website
69,r/CryptoCurrency,7,"The leading community for cryptocurrency news, discussion, and analysis.",https://www.reddit.com/r/CryptoCurrency/
231,r/ethereum,2.6,Next-generation platform for decentralised applications. Dive in at ethereum.org,https://www.reddit.com/r/ethereum/
81,r/bitcoin,5.9,"Bitcoin is the currency of the Internet: a distributed, worldwide, decentralized digital money. Unlike traditional currencies such as dollars, bitcoins are issued and managed without any central authority whatsoever: there is no government, company, or bank in charge of Bitcoin. As such, it is more resistant to wild inflation and corrupt banks. With Bitcoin, you can be your own bank.",https://www.reddit.com/r/bitcoin/
240,r/dogecoin,2.4,"The most amazing place on reddit! A subreddit for sharing, discussing, hoarding and wow'ing about Dogecoins. The much wow innovative crypto-currency.",https://www.reddit.com/r/dogecoin/
369,r/NFT,1.6,"The NFT subreddit is a gathering for those interested in Non-Fungible Tokens. Non-Fungible Tokens are set to change how value interoperates across the digital landscape of media in the new Web 3.0 version of the internet. These unique asset span across video games, blockchain domains, representing a claim on physical assets, and even as decentralized identities.",https://www.reddit.com/r/NFT/
380,r/CryptoMarkets,1.6,A community for news and discussion about cryptocurrency finance.,https://www.reddit.com/r/CryptoMarkets/
442,r/CryptoTechnology,1.3,"A subreddit for serious & technical discussion of cc/blockchain technology. Absolutely no memes, links, price, marketing or promotional posts allowed.",https://www.reddit.com/r/CryptoTechnology/
531,r/BitcoinBeginners,1.1,"Bitcoin Beginners is a subreddit for new users to ask Bitcoin related questions. *Do not respond to strangers direct messaging you, as over 99% of these people are Scammers.*",https://www.reddit.com/r/BitcoinBeginners/
534,r/btc,1.1,"When r/Bitcoin moderators began censoring content and banning users they disagreed with, r/btc became a community for free and open crypto discussion. This happened long before the creation of Bitcoin Cash. Over the years /r/btc became community of historians & torchbearers, preservers of Satoshi's Bitcoin for future generations.",https://www.reddit.com/r/btc/
689,r/cardano,0.689,Cardano is a decentralised public blockchain and cryptocurrency project and is fully open source. Cardano is developing a smart contract platform which seeks to deliver more advanced features than any protocol previously developed. It is the first blockchain platform to evolve out of a scientific philosophy and a research-first driven approach. The development team consists of a large global collective of expert engineers and researchers.,https://www.reddit.com/r/cardano/
