Source of Information,Sample of Selected Information Source,,,,,,,,,,,,,,
Audit-Related Webpages from Web3 Applications,https://github.com/lidofinance/audits,,,,,,,,,,,,,,
,https://docs.gmx.io/docs/security/audits,,,,,,,,,,,,,,
,https://docs.aave.com/developers/deployed-contracts/security-and-audits,,,,,,,,,,,,,,
Official Websites of Audit Firms :,https://www.certik.com/en,,,,,,,,,,,,,,
,https://www.slowmist.com/,,,,,,,,,,,,,,
,https://www.openzeppelin.com/,,,,,,,,,,,,,,
Social Media Interactions from Audit Firms: ,https://twitter.com/CertiK,,,,,,,,,,,,,,
,https://discord.com/channels/972341869864435803/972352337479884840,,,,,,,,,,,,,,
,,,,,,,,,,,,,,,
